,Category,Sub-Category,Number_of_Products
0,Laptops,2 in 1 Devices,51
1,Laptops,Laptops,97
2,Desktops & All-in-Ones,All In One Desktops,22
3,Desktops & All-in-Ones,Desktops,37
4,Apple Mac Computers,iMac,11
5,Apple Mac Computers,Mac mini,4
6,Apple Mac Computers,MacBook,10
7,Apple Mac Computers,MacBook Air,7
8,Apple Mac Computers,MacBook Pro,11
9,Modern PCs,2 in 1 Devices,30
10,Modern PCs,Laptops,2
11,Modern PCs,Tablets,3
12,2-in-1 PCs,2 in 1 Devices,52
13,2-in-1 PCs,Laptops,2
14,2-in-1 PCs,Tablets,1
15,Gaming PCs & VRs,Desktops,20
16,Gaming PCs & VRs,Gaming Bundles,1
17,Gaming PCs & VRs,Graphics & Multimedia,1
18,Gaming PCs & VRs,Graphics Cards,1
19,Gaming PCs & VRs,Hardware,5
20,Gaming PCs & VRs,Laptops,29
21,Gaming PCs & VRs,LCD Monitors,2
22,Gaming PCs & VRs,LED Monitors,1
23,Gaming PCs & VRs,RAM,1
24,Gaming PCs & VRs,Virtual Reality,6
25,Gaming PCs & VRs,Windows Mixed Reality,3
26,Microsoft Surface,2 in 1 Devices,17
27,Microsoft Surface,All In One Desktops,3
28,Microsoft Surface,Laptops,9
29,Microsoft Surface,Tablets,3
30,Monitors,LCD Monitors,5
31,Monitors,LED Monitors,40
32,Monitors,QLED Monitors,2
33,Multimedia Accessories,Accessories,2
34,Multimedia Accessories,Adapters,3
35,Multimedia Accessories,APPcessories,2
36,Multimedia Accessories,Audio Mixer,1
37,Multimedia Accessories,Blu-ray Players,1
38,Multimedia Accessories,Capture Card,9
39,Multimedia Accessories,Cases,4
40,Multimedia Accessories,Chill Mats,4
41,Multimedia Accessories,Cleaning,1
42,Multimedia Accessories,Cleaning Spray,3
43,Multimedia Accessories,CPUs,2
44,Multimedia Accessories,Docking Stations,8
45,Multimedia Accessories,Docks,1
46,Multimedia Accessories,DVD Recorders,2
47,Multimedia Accessories,DVDs,6
48,Multimedia Accessories,External DVD Burner,1
49,Multimedia Accessories,External Sound Card,1
50,Multimedia Accessories,Gaming Headsets,2
51,Multimedia Accessories,Graphics & Multimedia,2
52,Multimedia Accessories,Graphics Cards,2
53,Multimedia Accessories,Hardware,6
54,Multimedia Accessories,Media Players,2
55,Multimedia Accessories,Microphones,16
56,Multimedia Accessories,Monitor Speakers,1
57,Multimedia Accessories,MP3 Players,1
58,Multimedia Accessories,Multimedia Presenters,2
59,Multimedia Accessories,PC Headsets,3
60,Multimedia Accessories,Projectors,5
61,Multimedia Accessories,Protection Cards,1
62,Multimedia Accessories,RAM,1
63,Multimedia Accessories,Remote Controls,4
64,Multimedia Accessories,Screen Cleaners,5
65,Multimedia Accessories,Screen Protectors,1
66,Multimedia Accessories,Set Top Box,1
67,Multimedia Accessories,Shock Mount,3
68,Multimedia Accessories,Stands,8
69,Multimedia Accessories,Stylus Pens,5
70,Multimedia Accessories,Tuners,1
71,Multimedia Accessories,USB Hubs,10
72,Multimedia Accessories,Video Converters,3
73,Multimedia Accessories,Virtual Reality,1
74,Multimedia Accessories,Voice Recorders,3
75,Multimedia Accessories,Webcams,5
76,"Keyboards, Mouse & Mats",Accessories Bundles,1
77,"Keyboards, Mouse & Mats",Corded Mice,15
78,"Keyboards, Mouse & Mats",Gaming Bundles,2
79,"Keyboards, Mouse & Mats",Keyboard & Mouse Combos,11
80,"Keyboards, Mouse & Mats",Keyboards,28
81,"Keyboards, Mouse & Mats",Mouse Mats,8
82,"Keyboards, Mouse & Mats",Multimedia Presenters,1
83,"Keyboards, Mouse & Mats",Stylus Pens,1
84,"Keyboards, Mouse & Mats",Wireless Mice,36
85,Software,Digital Download,47
86,Software,Educational Software,3
87,Software,Internet Security,11
88,Software,Mobile Security,1
89,Software,Multimedia Software,1
90,Software,Software,1
91,Software,Software Essentials,5
92,Laptop Bags & Sleeves,Backpacks,125
93,Laptop Bags & Sleeves,Bags,31
94,Laptop Bags & Sleeves,Briefcases,29
95,Laptop Bags & Sleeves,Cases,57
96,Laptop Bags & Sleeves,Cross-Body Bags,6
97,Laptop Bags & Sleeves,Duffel Bags,1
98,Laptop Bags & Sleeves,Messenger Bags,2
99,Laptop Bags & Sleeves,Organiser,2
100,Laptop Bags & Sleeves,Shoulder Bags,10
101,Laptop Bags & Sleeves,Sleeves,71
102,Laptop Bags & Sleeves,Suitcases,6
103,Laptop Bags & Sleeves,Tote Bags,8
104,"Chargers, Cables & Adapters",Adapters,103
105,"Chargers, Cables & Adapters",Batteries,17
106,"Chargers, Cables & Adapters",Battery Charger,2
107,"Chargers, Cables & Adapters",Cable Management,1
108,"Chargers, Cables & Adapters",Cables,196
109,"Chargers, Cables & Adapters",Card Readers,1
110,"Chargers, Cables & Adapters",Chargers,38
111,"Chargers, Cables & Adapters",Chill Mats,2
112,"Chargers, Cables & Adapters",Docking Stations,20
113,"Chargers, Cables & Adapters",Docks,5
114,"Chargers, Cables & Adapters",Ethernet Adapters,1
115,"Chargers, Cables & Adapters",Extension Leads,3
116,"Chargers, Cables & Adapters",Filters & Splitters,2
117,"Chargers, Cables & Adapters",Hardware,4
118,"Chargers, Cables & Adapters",HDMI Cables,4
119,"Chargers, Cables & Adapters",Power,11
120,"Chargers, Cables & Adapters",Power Banks,7
121,"Chargers, Cables & Adapters",Power Leads,1
122,"Chargers, Cables & Adapters",Surge Protectors,4
123,"Chargers, Cables & Adapters",Travel Adapters,12
124,"Chargers, Cables & Adapters",Uninterrupted Power Supply,13
125,"Chargers, Cables & Adapters",USB Hubs,2
126,"Chargers, Cables & Adapters",Wireless Chargers,10
127,Computer Speakers,Monitor Speakers,2
128,Computer Speakers,Multimedia Speakers,15
129,Computer Speakers,Speaker Systems,13
130,Tablets,E-Book Readers,3
131,Tablets,Graphics & Multimedia,8
132,Tablets,Tablets,50
133,Cases & Keyboards,Accessories Bundles,1
134,Cases & Keyboards,Bags,1
135,Cases & Keyboards,Cases,141
136,Cases & Keyboards,Docking Stations,2
137,Cases & Keyboards,Keyboard Covers,12
138,Cases & Keyboards,Keyboards,1
139,Cases & Keyboards,Screen Protectors,22
140,Cases & Keyboards,Sleeves,5
141,Cases & Keyboards,Stands,1
142,Cases & Keyboards,Stylus Pens,4
143,Cables & Adapters,Adapters,3
144,Cables & Adapters,Aerial Cables,1
145,Cables & Adapters,Cables,11
146,Cables & Adapters,HDMI Cables,9
147,Cables & Adapters,HDMI Hubs,1
148,Cables & Adapters,Media Cleaner,2
149,Cables & Adapters,Power Leads,6
150,Cables & Adapters,Travel Adapters,3
151,iPads,iPad,84
152,Surface Accessories,Adapters,8
153,Surface Accessories,Cases,16
154,Surface Accessories,Chargers,1
155,Surface Accessories,Docking Stations,1
156,Surface Accessories,Ethernet Adapters,1
157,Surface Accessories,Graphics & Multimedia,1
158,Surface Accessories,Keyboard Covers,6
159,Surface Accessories,Keyboards,1
160,Surface Accessories,Power,1
161,Surface Accessories,Screen Protectors,3
162,Surface Accessories,Sleeves,1
163,Surface Accessories,Stylus Pens,3
164,Surface Accessories,Wireless Mice,6
165,Microsoft Surface Go,2 in 1 Devices,17
166,Microsoft Surface Go,All In One Desktops,3
167,Microsoft Surface Go,Laptops,9
168,Microsoft Surface Go,Tablets,3
169,Cables & Connectors,Adapters,1
170,Cables & Connectors,Cables,12
171,Cables & Connectors,Chargers,1
172,Cables & Connectors,Docks,1
173,Cables & Connectors,Filters & Splitters,2
174,Cables & Connectors,Power,1
175,Modems & Routers,Broadband Modems,2
176,Modems & Routers,Ethernet Switches,1
177,Modems & Routers,Wireless Extenders,2
178,Modems & Routers,Wireless Modem Routers,18
179,Modems & Routers,Wireless Routers,33
180,Mesh Wifi,Wireless Extenders,3
181,Mesh Wifi,Wireless Routers,14
182,Wifi Range Extenders,Wireless Extenders,22
183,Networking Adapters,Network Storage,1
184,Networking Adapters,Powerline Adapters,3
185,Networking Adapters,Powerline Kits,1
186,Networking Adapters,Wireless Adapters,9
187,Networking Adapters,Wireless Extenders,1
188,Networking Adapters,Wireless Routers,1
189,Ethernet Switches,Ethernet Switches,55
190,Ethernet Switches,Network Storage,1
191,Ethernet Switches,Powerline Adapters,2
192,Ethernet Switches,Wireless Routers,2
193,Business Solutions,Ethernet Switches,25
194,Business Solutions,Network Storage,5
195,Business Solutions,Networking,1
196,Business Solutions,Wireless Extenders,5
197,Business Solutions,Wireless Modem Routers,2
198,Business Solutions,Wireless Routers,3
199,Motherboards,Motherboards,20
200,Motherboards,Wireless Network Card,1
201,Processors,CPUs,19
202,Graphics Cards,Graphics Cards,27
203,Air & Water Cooling,Hardware,6
204,Computer Memory,RAM,7
205,Computer Cases,Mid-Tower Case,4
206,External Devices,Blu-ray Players,1
207,External Devices,Card Readers,1
208,External Devices,Docks,1
209,External Devices,DVD Recorders,2
210,External Devices,External DVD Burner,1
211,External Devices,Hardware,1
212,External Devices,Wireless Adapters,1
213,All Hard Drives & Storage,Cases,1
214,All Hard Drives & Storage,External Hard Drives,32
215,All Hard Drives & Storage,HDD,24
216,All Hard Drives & Storage,Internal Hard Drives,7
217,All Hard Drives & Storage,Memory Cards,28
218,All Hard Drives & Storage,Network Storage,2
219,All Hard Drives & Storage,SSD,11
220,All Hard Drives & Storage,SSD Storage,5
221,All Hard Drives & Storage,USB Flash Drives,36
222,Portable Hard Drives,Cases,1
223,Portable Hard Drives,External Hard Drives,9
224,Portable Hard Drives,HDD,22
225,Portable Hard Drives,SSD,7
226,Desktop Hard Drives,External Hard Drives,17
227,Desktop Hard Drives,HDD,1
228,Desktop Hard Drives,Internal Hard Drives,7
229,Desktop Hard Drives,SSD,4
230,Desktop Hard Drives,SSD Storage,5
231,USB Flash Drives,USB Flash Drives,36
232,Network Storage,External Hard Drives,6
233,Network Storage,Network Storage,2
234,Memory Cards,Memory Cards,28
235,Mobile Broadband,Digital Download,1
236,Mobile Broadband,Mobile Broadband,7
237,Unlocked Mobile Phones,Unlocked Phones,124
238,Home Phones,Accessories,1
239,Home Phones,Adapters,1
240,Home Phones,Batteries,2
241,Home Phones,Corded Phones,17
242,Home Phones,Cordless Phones,49
243,Home Phones,Faxes,1
244,Home Phones,Home Security,3
245,Home Phones,Smart Doorbells,2
246,Pre-Paid Mobile Phones,Pre-Paid Phones,12
247,UHF Radios,CB Radios,3
248,iPhones,Unlocked Phones,48
249,SIM Cards,Mobile Broadband,10
250,GPS Navigators,GPS Navigators,21
251,GPS Navigators,In-Car Cameras,3
252,GPS Chargers & Adapters,Cables,1
253,GPS Chargers & Adapters,Chargers,1
254,GPS Cases & Mounts,Cases,1
255,GPS Cases & Mounts,Mounts,4
256,Dash Cameras,In-Car Cameras,12
257,"iPhone Cables, Chargers & Adapters",Adapters,6
258,"iPhone Cables, Chargers & Adapters",Cables,30
259,"iPhone Cables, Chargers & Adapters",Chargers,14
260,"iPhone Cables, Chargers & Adapters",Docks,1
261,"iPhone Cables, Chargers & Adapters",Lens Kits,3
262,"iPhone Cables, Chargers & Adapters",Smart Watch Accessories,2
263,"iPhone Cables, Chargers & Adapters",Travel Adapters,4
264,"iPhone Cables, Chargers & Adapters",Wireless Chargers,10
265,iPhone Mounts,Mounts,5
266,iPhone Cases & Screen Protectors,Cases,144
267,iPhone Cases & Screen Protectors,Screen Protectors,22
268,"Cables, Chargers & Adapters",Accessories Bundles,4
269,"Cables, Chargers & Adapters",Adapters,21
270,"Cables, Chargers & Adapters",Batteries,2
271,"Cables, Chargers & Adapters",Battery Charger,26
272,"Cables, Chargers & Adapters",Cables,42
273,"Cables, Chargers & Adapters",Chargers,56
274,"Cables, Chargers & Adapters",Docking Stations,1
275,"Cables, Chargers & Adapters",Extension Leads,1
276,"Cables, Chargers & Adapters",Power,4
277,"Cables, Chargers & Adapters",Power Banks,2
278,"Cables, Chargers & Adapters",Travel Adapters,4
279,"Cables, Chargers & Adapters",Wireless Chargers,21
280,Cases & Screen Protectors,Accessories Bundles,2
281,Cases & Screen Protectors,Cases,195
282,Cases & Screen Protectors,Screen Protectors,20
283,Bluetooth Headsets,Bluetooth Headsets,8
284,More Mobile Phone Accessories,Accessories,3
285,More Mobile Phone Accessories,Accessories Bundles,2
286,More Mobile Phone Accessories,APPcessories,2
287,More Mobile Phone Accessories,Audio Transmitters,1
288,More Mobile Phone Accessories,Bags,1
289,More Mobile Phone Accessories,Bluetooth Headsets,1
290,More Mobile Phone Accessories,Bluetooth Speakerphones,2
291,More Mobile Phone Accessories,Bluetooth Trackers,14
292,More Mobile Phone Accessories,Camera Stabiliser,1
293,More Mobile Phone Accessories,Card Readers,2
294,More Mobile Phone Accessories,Cases,41
295,More Mobile Phone Accessories,Chargers,2
296,More Mobile Phone Accessories,Docks,2
297,More Mobile Phone Accessories,External Storage Drives,1
298,More Mobile Phone Accessories,GPS Navigators,1
299,More Mobile Phone Accessories,Grip Holder,2
300,More Mobile Phone Accessories,Lens Kits,11
301,More Mobile Phone Accessories,Lenses,6
302,More Mobile Phone Accessories,Mounts,16
303,More Mobile Phone Accessories,Protection Cards,1
304,More Mobile Phone Accessories,Screen Protectors,3
305,More Mobile Phone Accessories,Security Cameras,1
306,More Mobile Phone Accessories,Selfie Sticks,2
307,More Mobile Phone Accessories,Smartchips,8
308,More Mobile Phone Accessories,Tripods,1
309,More Mobile Phone Accessories,Virtual Reality,2
310,More Mobile Phone Accessories,Weather Station,4
311,Mobile Power Banks,Accessories Bundles,4
312,Mobile Power Banks,Power Banks,40
313,Smart Watches,Apple Watch,44
314,Smart Watches,Cables,1
315,Smart Watches,Smart Watch Accessories,2
316,Smart Watches,Smart Watches,10
317,Smart Watches,Sports Watches,2
318,Smart Watches,Watch Bands,1
319,Smart Watches,Wristbands,1
320,Digital Cameras,Camera,1
321,Digital Cameras,Digital Cameras,26
322,Digital Video Cameras,Digital Video Cameras,8
323,Digital SLR Cameras,Digital SLR Cameras,20
324,Digital SLR Cameras,Lenses,3
325,Action Cameras,Action Video Cameras,14
326,Security Cameras,Baby Monitors,2
327,Security Cameras,Cables,1
328,Security Cameras,Mounts,2
329,Security Cameras,Security & Utilities,2
330,Security Cameras,Security Cameras,51
331,Security Cameras,Security Systems,12
332,Security Cameras,Skins,3
333,Security Cameras,Smart Doorbells,3
334,Security Cameras,Solar Panel,2
335,Security Cameras,Solar Systems,1
336,Security Cameras,Wireless Routers,1
337,Mirrorless Cameras,Camera,1
338,Mirrorless Cameras,Mirrorless Cameras,25
339,Photo Frames,Digital Photo Frames,7
340,Photo Frames,Photo Frames,3
341,Photo Albums,Photo Albums,8
342,Lenses & Filters,Camera,1
343,Lenses & Filters,Lens Caps,1
344,Lenses & Filters,Lens Filters,5
345,Lenses & Filters,Lenses,52
346,Flashes & Tripods,Flashes,3
347,Flashes & Tripods,Monopod,1
348,Flashes & Tripods,Selfie Sticks,2
349,Flashes & Tripods,Tripods,13
350,Camera Bags & Cases,Backpacks,3
351,Camera Bags & Cases,Bags,8
352,Camera Bags & Cases,Cases,8
353,Memory Cards & Readers,Card Readers,6
354,Memory Cards & Readers,Memory Cards,27
355,Camera Accessories,Batteries,87
356,Camera Accessories,Chargers,4
357,Camera Accessories,Cleaning,2
358,Camera Accessories,Lenses,1
359,Camera Accessories,Microphones,2
360,Camera Accessories,Mounts,1
361,Camera Accessories,Multimedia Software,1
362,Camera Accessories,Screen Protectors,1
363,Camera Accessories,Solar Panel,1
364,Action Camera Accessories,Accessories Bundles,2
365,Action Camera Accessories,APPcessories,6
366,Action Camera Accessories,Batteries,1
367,Action Camera Accessories,Camera Replacement Parts,1
368,Action Camera Accessories,Camera Stabiliser,1
369,Action Camera Accessories,Cases,9
370,Action Camera Accessories,Chargers,2
371,Action Camera Accessories,Goggles,1
372,Action Camera Accessories,Mounts,26
373,Action Camera Accessories,Remote Controls,1
374,Action Camera Accessories,Selfie Sticks,2
375,Action Camera Accessories,Tripods,4
376,Printers & Scanners,Faxes,1
377,Printers & Scanners,Printers,60
378,Printers & Scanners,Scanners,6
379,Printers & Scanners,Specialty Printer,8
380,"Ink, Toner & Paper",3D Printer Filaments,1
381,"Ink, Toner & Paper",Accessories,1
382,"Ink, Toner & Paper",Ink,325
383,"Ink, Toner & Paper",Labelling Tape,48
384,"Ink, Toner & Paper",Paper,12
385,"Ink, Toner & Paper",Photo Cards,1
386,"Ink, Toner & Paper",Printers,1
387,"Ink, Toner & Paper",Toner,151
388,3D Printers & Accessories,3D Printer Filaments,20
389,3D Printers & Accessories,3D Printers,6
390,3D Printers & Accessories,Ink,4
391,Office Machines,Laminators,3
392,Office Machines,Lubrication Oil,1
393,Office Machines,Shredders,11
394,Stationery,Calculators,3
395,Stationery,Correction,1
396,Stationery,Highlighters,2
397,Stationery,Laminating Pouches,1
398,Stationery,Lecture Books,1
399,Stationery,Markers,3
400,Stationery,Notebooks,3
401,Stationery,Pencils,1
402,Stationery,Pens,5
403,Stationery,Rulers,1
404,Stationery,Scissors,1
405,Stationery,Whiteboard Markers,2
406,Drones,APPcessories,1
407,Drones,Drones,21
408,Drone Accessories,Adapters,1
409,Drone Accessories,APPcessories,6
410,Drone Accessories,Backpacks,1
411,Drone Accessories,Batteries,7
412,Drone Accessories,Camera Replacement Parts,1
413,Drone Accessories,Cases,11
414,Drone Accessories,Chargers,2
415,Drone Accessories,Droids,1
416,Drone Accessories,Drones,42
417,Drone Accessories,Educational Toys,2
418,Drone Accessories,Filters,9
419,Drone Accessories,Headlamps,1
420,Drone Accessories,Lens Filters,4
421,Drone Accessories,Lenses,1
422,Drone Accessories,Mounts,1
423,Drone Accessories,Propellers,6
424,Drone Accessories,Remote Controls,2
425,Drone Accessories,Sleeves,1
426,Drone Accessories,Tripods,1
427,Instax Cameras & Printers,Instant Cameras,26
428,Instax Cameras & Printers,Printers,1
429,Instax Cameras & Printers,Specialty Printer,1
430,Instax Crafting,Gift Cards,1
431,Instax Crafting,Photo Boards,3
432,Instax Crafting,Photo Cards,12
433,Instax Crafting,Photo Frames,25
434,Instax Crafting,Photo Props,2
435,Instax Crafting,Photo Stands,2
436,Instax Crafting,Stickers,3
437,Instax Crafting,Sticky Tape,6
438,Instax Film,Instant Cameras,1
439,Instax Film,Instant Film,17
440,Instax Film,Printers,1
441,Instax Camera Accessories,Straps,3
442,Frames & Albums,Photo Albums,8
443,Frames & Albums,Photo Frames,3
444,Xbox Consoles,Game Consoles,6
445,PlayStation Consoles,Game Consoles,5
446,Nintendo Consoles,Game Consoles,4
447,Nintendo Consoles,Gaming Bundles,3
448,PC Games,Games,15
449,Nintendo Games,Games,35
450,Nintendo Games,Gaming Bundles,5
451,Pre Order Games,Games,37
452,PlayStation 4 Games,Games,74
453,PlayStation 4 Games,Gaming Bundles,1
454,Xbox One Games,Digital Download,16
455,Xbox One Games,Games,81
456,Xbox One Games,Gaming Bundles,1
457,Xbox One Games,Subscription Cards,1
458,Latest Games ,Games,20
459,PlayStation Accessories,Backdrops,1
460,PlayStation Accessories,Capture Card,6
461,PlayStation Accessories,Digital Download,1
462,PlayStation Accessories,Games,2
463,PlayStation Accessories,Gaming Chairs,2
464,PlayStation Accessories,Gaming Controllers,5
465,PlayStation Accessories,Gaming Headsets,20
466,PlayStation Accessories,HDMI Cables,2
467,Xbox Accessories,Backdrops,1
468,Xbox Accessories,Capture Card,7
469,Xbox Accessories,Corded Mice,1
470,Xbox Accessories,Game Consoles,1
471,Xbox Accessories,Games,2
472,Xbox Accessories,Gaming Bundles,1
473,Xbox Accessories,Gaming Chairs,2
474,Xbox Accessories,Gaming Controllers,11
475,Xbox Accessories,Gaming Headsets,17
476,Xbox Accessories,HDMI Cables,2
477,Xbox Accessories,Keyboards,1
478,Xbox Accessories,Subscription Cards,1
479,Xbox Accessories,Tuners,1
480,Nintendo Accessories,Backdrops,1
481,Nintendo Accessories,Capture Card,5
482,Nintendo Accessories,Cases,3
483,Nintendo Accessories,Chargers,6
484,Nintendo Accessories,Docking Stations,1
485,Nintendo Accessories,Games,1
486,Nintendo Accessories,Gaming Bundles,2
487,Nintendo Accessories,Gaming Controllers,7
488,Nintendo Accessories,Gaming Headsets,7
489,Nintendo Accessories,HDMI Cables,2
490,Nintendo Accessories,Screen Protectors,1
491,PC Gaming Accessories,Accessories,1
492,PC Gaming Accessories,Backpacks,2
493,PC Gaming Accessories,Capture Card,10
494,PC Gaming Accessories,Controllers,4
495,PC Gaming Accessories,Corded Mice,10
496,PC Gaming Accessories,Gaming Bundles,2
497,PC Gaming Accessories,Gaming Chairs,2
498,PC Gaming Accessories,Gaming Controllers,3
499,PC Gaming Accessories,Gaming Headsets,24
500,PC Gaming Accessories,HDMI Cables,2
501,PC Gaming Accessories,Keyboards,10
502,PC Gaming Accessories,Microphones,3
503,PC Gaming Accessories,Mouse Mats,8
504,PC Gaming Accessories,Speaker Systems,1
505,PC Gaming Accessories,Tuners,1
506,PC Gaming Accessories,Video Converters,3
507,PC Gaming Accessories,Webcams,1
508,PC Gaming Accessories,Wireless Mice,3
509,Simulators & Steering Wheels,Controllers,3
510,Simulators & Steering Wheels,Gaming Bundles,3
511,Simulators & Steering Wheels,Gaming Chair Accessories,3
512,Simulators & Steering Wheels,Gaming Chairs,4
513,Simulators & Steering Wheels,Gaming Controllers,9
514,Gaming Furniture,Gaming Chairs,5
515,VR Systems,Gaming Bundles,1
516,VR Systems,Virtual Reality,4
517,VR Systems,Windows Mixed Reality,3
518,Mixed Reality,Windows Mixed Reality,3
519,Gaming PCs,Desktops,19
520,Gaming PCs,Graphics & Multimedia,1
521,Gaming Laptops ,Laptops,30
522,Components,Graphics & Multimedia,1
523,Components,Graphics Cards,2
524,Components,Hardware,16
525,Components,RAM,1
526,Gaming Monitors ,LCD Monitors,2
527,Gaming Monitors ,LED Monitors,6
528,Gaming Monitors ,QLED Monitors,1
529,Gaming Keyboards ,Gaming Bundles,2
530,Gaming Keyboards ,Keyboards,16
531,Gaming Mice,Corded Mice,14
532,Gaming Mice,Gaming Bundles,2
533,Gaming Mice,Wireless Mice,5
534,TV Mounts & Brackets,Braces & Supports,1
535,TV Mounts & Brackets,Brackets & Mounts,29
536,TV Mounts & Brackets,Mounts,24
537,TV Mounts & Brackets,Stands,17
538,TV Mounts & Brackets,Tripods,1
539,TV Mounts & Brackets,Wall Mount,1
540,Antennas & Amplifiers,Antennas,10
541,Antennas & Amplifiers,Wireless AV Transmitter/Receiver,4
542,Power & Surge Protectors,Batteries,14
543,Power & Surge Protectors,Powerboards,2
544,Power & Surge Protectors,Surge Protectors,6
545,Universal and Replacement remotes ,Accessories,1
546,Universal and Replacement remotes ,Remote Control Holder,2
547,Universal and Replacement remotes ,Remote Controls,17
548,TV Furniture,Accessories,4
549,TV Furniture,Entertainment Units,25
550,TV Furniture,Stands,2
551,Home Theatre Systems,Entertainment Packages,1
552,Home Theatre Systems,Home Theatre Systems,2
553,Home Theatre Systems,Speaker Systems,2
554,AV Receivers,AV Receivers,9
555,AV Receivers,Entertainment Packages,1
556,Speakers,Home Theatre Systems,2
557,Speakers,Portable Bluetooth Speakers,1
558,Speakers,Soundbars,1
559,Speakers,Speaker Systems,20
560,Speakers,Wireless Multiroom Systems,5
561,Soundbars,Home Theatre Systems,1
562,Soundbars,Soundbars,43
563,Soundbars,Wireless Multiroom Systems,1
564,PVRs & Media Players,Apple TV,3
565,PVRs & Media Players,Fetch,2
566,PVRs & Media Players,Media Players,4
567,PVRs & Media Players,PVRs,3
568,PVRs & Media Players,Set Top Box,3
569,Blu-ray Players & Recorders,Blu-ray Players,13
570,Blu-ray Players & Recorders,Blu-ray Recorders,2
571,Blu-ray Players & Recorders,PVRs,1
572,DVD Players & Recorders,DVD Players,5
573,DVD Players & Recorders,Portable DVD Players,1
574,Wireless Multiroom,Amplifiers,3
575,Wireless Multiroom,Micro Hi-Fi Systems,1
576,Wireless Multiroom,Monitor Speakers,2
577,Wireless Multiroom,Soundbars,2
578,Wireless Multiroom,Speaker Systems,2
579,Wireless Multiroom,Wireless Adapters,2
580,Wireless Multiroom,Wireless Multiroom Systems,28
581,DVD Movies,DVDs,35
582,Blu-ray Movies,Blu-ray Discs,11
583,Blu-ray Movies,Ultra HD Blu-ray Disc,14
584,32 inch and under TVs,LCD Monitors,1
585,32 inch and under TVs,LED LCD TVs,9
586,32 inch and under TVs,LED Monitors,1
587,39 - 50 inch TVs,LED LCD TVs,17
588,39 - 50 inch TVs,QLED LCD TVs,1
589,55 - 60 inch TVs,LED LCD TVs,20
590,55 - 60 inch TVs,OLED TVs,4
591,55 - 60 inch TVs,QLED LCD TVs,4
592,65 - 70 inch TVs,LED LCD TVs,25
593,65 - 70 inch TVs,OLED TVs,5
594,65 - 70 inch TVs,QLED LCD TVs,6
595,75 inch and over TVs,LED LCD TVs,15
596,75 inch and over TVs,OLED TVs,1
597,75 inch and over TVs,QLED LCD TVs,7
598,All TVs,LED LCD TVs,86
599,All TVs,OLED TVs,10
600,All TVs,QLED LCD TVs,18
601,Samsung TVs,LED LCD TVs,7
602,Samsung TVs,QLED LCD TVs,18
603,Hisense TVs,LED LCD TVs,18
604,Hisense TVs,OLED TVs,2
605,Panasonic TVs,LED LCD TVs,7
606,Panasonic TVs,OLED TVs,1
607,Sony TVs,LED LCD TVs,15
608,Sony TVs,OLED TVs,1
609,LG TVs,LED LCD TVs,15
610,LG TVs,OLED TVs,6
611,LED LCD TVs,LED LCD TVs,86
612,OLED TVs,OLED TVs,10
613,QLED LCD TVs,QLED LCD TVs,18
614,8K Ultra HD TVs,QLED LCD TVs,3
615,4K Ultra HD TVs,LED LCD TVs,71
616,4K Ultra HD TVs,OLED TVs,10
617,4K Ultra HD TVs,QLED LCD TVs,15
618,Projectors & Screens,Projector Screens,16
619,Projectors & Screens,Projectors,7
620,Hi Fi Systems,CD Player,1
621,Hi Fi Systems,Micro Hi-Fi Systems,9
622,Hi Fi Systems,Mini Hi-Fi Systems,3
623,Hi Fi Systems,Speaker Systems,1
624,Hi Fi Systems,Wireless Multiroom Systems,3
625,Analogue/Digital Radios,Analogue Radio,1
626,Analogue/Digital Radios,Clock Radios,9
627,Analogue/Digital Radios,Digital Radios,26
628,Analogue/Digital Radios,Portable Radios,11
629,Bluetooth Speakers,Bluetooth Speakerphones,1
630,Bluetooth Speakers,Portable Bluetooth Speakers,57
631,Bluetooth Speakers,Speaker Systems,2
632,Bluetooth Speakers,Voice Assistant,2
633,Audio Accessories,Accessories,1
634,Audio Accessories,Adapters,8
635,Audio Accessories,Cables,4
636,Audio Accessories,Chargers,1
637,Audio Accessories,Wireless Adapters,1
638,CD Players & Turntables,Portable CD Players,2
639,CD Players & Turntables,Portable Radios,1
640,CD Players & Turntables,Turntables,18
641,iPods,iPod,6
642,"iPod Chargers, Cables & Adapters",Cables,12
643,"iPod Chargers, Cables & Adapters",Chargers,3
644,iTunes Gift Cards,Gift Cards,4
645,In Ear Headphones,Headphone Tips,4
646,In Ear Headphones,In-Ear Headphones,92
647,In Ear Headphones,Wireless Fitness Headphones,1
648,In Ear Headphones,Wireless Headphones,17
649,On Ear Headphones,Gaming Headsets,9
650,On Ear Headphones,Noise Cancelling Headphones,1
651,On Ear Headphones,On-Ear Headphones,34
652,On Ear Headphones,Over-Ear Headphones,5
653,On Ear Headphones,Wireless Headphones,12
654,Over Ear Headphones,Gaming Headsets,7
655,Over Ear Headphones,Noise Cancelling Headphones,1
656,Over Ear Headphones,On-Ear Headphones,2
657,Over Ear Headphones,Over-Ear Headphones,48
658,Over Ear Headphones,Wireless Headphones,11
659,Wireless Headphones,Bluetooth Headsets,3
660,Wireless Headphones,Chargers,1
661,Wireless Headphones,Gaming Headsets,8
662,Wireless Headphones,In-Ear Headphones,22
663,Wireless Headphones,Lenses,4
664,Wireless Headphones,On-Ear Headphones,10
665,Wireless Headphones,Over-Ear Headphones,14
666,Wireless Headphones,Wireless Fitness Headphones,3
667,Wireless Headphones,Wireless Headphones,39
668,All Headphones,Chargers,1
669,All Headphones,Gaming Headsets,13
670,All Headphones,Headphone Tips,4
671,All Headphones,In-Ear Headphones,52
672,All Headphones,Noise Cancelling Headphones,2
673,All Headphones,On-Ear Headphones,22
674,All Headphones,Over-Ear Headphones,30
675,All Headphones,Wireless Fitness Headphones,1
676,All Headphones,Wireless Headphones,36
677,TV Headphones,In-Ear Headphones,1
678,TV Headphones,On-Ear Headphones,1
679,TV Headphones,Over-Ear Headphones,5
680,TV Headphones,Wireless Headphones,3
681,Sports Headphone,Wireless Headphones,1
682,Gaming Headphones,Gaming Headsets,3
683,Apple TV,Apple TV,3
684,Chromecast,Media Players,2
685,Multi room speakers,Soundbars,2
686,Multi room speakers,Wireless Multiroom Systems,6
687,Cooktops,Accessories,3
688,Cooktops,Cooktops,233
689,Cooktops,Freestanding Cookers,15
690,Cooktops,Grills,1
691,Cooktops,Portable Cooking Stoves,2
692,Cooktops,Splashbacks,2
693,Cooktops,Under Cupboard Rangehoods,1
694,Rangehoods,Accessories,2
695,Rangehoods,Canopy Rangehoods,99
696,Rangehoods,Downdraft Rangehood,2
697,Rangehoods,Ducting Kits,8
698,Rangehoods,Fixed Rangehoods,21
699,Rangehoods,Slide-Out Rangehoods,35
700,Rangehoods,Under Cupboard Rangehoods,71
701,Microwave Ovens,Built-in Microwaves,5
702,Microwave Ovens,Inverter Microwave,6
703,Microwave Ovens,Microwaves,35
704,Microwave Ovens,Ovens,2
705,Fridges,Accessories,12
706,Fridges,Fridges,221
707,Fridges,Integrated Fridges,12
708,Fridges,Vertical Freezers,1
709,Fridges,Wine Fridges,1
710,Freezers,Chest Freezers,13
711,Freezers,Fridges,1
712,Freezers,Integrated Fridges,1
713,Freezers,Vertical Freezers,12
714,Beer & Wine Appliances,Accessories,1
715,Beer & Wine Appliances,Beer Fridges,3
716,Beer & Wine Appliances,Breathalyzers,4
717,Beer & Wine Appliances,Brewing Appliances,4
718,Beer & Wine Appliances,Wine Fridges,37
719,Dishwashers,Built-in Dishwashers,3
720,Dishwashers,Built-Under Dishwashers,4
721,Dishwashers,Dishwasher Accessories,1
722,Dishwashers,Freestanding Dishwashers,40
723,Dishwashers,Fully Integrated Dishwashers,15
724,Dishwashers,Semi-Integrated Dishwashers,13
725,Dishwashers,Under Bench Dishwashers,22
726,Ovens,Accessories,4
727,Ovens,Baking Trays,1
728,Ovens,Built-in Microwaves,2
729,Ovens,Compact Ovens,7
730,Ovens,Cooking Packages,1
731,Ovens,Freestanding Cookers,15
732,Ovens,Microwaves,1
733,Ovens,Ovens,208
734,Ovens,Pizza Stones,1
735,Ovens,Vacuum Sealing Drawers,1
736,Ovens,Warming Drawers,12
737,Freestanding Cookers,Cooktops,1
738,Freestanding Cookers,Freestanding Basins,1
739,Freestanding Cookers,Freestanding Cookers,153
740,Freestanding Cookers,Kitchen Accessories,1
741,Freestanding Cookers,Ovens,1
742,Kitchen Cleaning,Cleaning,2
743,Kitchen Cleaning,Cleaning Spray,1
744,Kitchen Cleaning,Dishwashing Tablets,3
745,Cooking Packages,Cooking Packages,27
746,Cookware,Aprons,1
747,Cookware,Cooking Accessories,1
748,Cookware,Cookware Sets,1
749,Cookware,Grills,4
750,Cookware,Mixers,1
751,Cookware,Roasters,1
752,Cookware,Saucepans,1
753,Cookware,Utensils,2
754,Baking,Baking Trays,5
755,Baking,Pizza Stones,1
756,Storage & Organisation,Kitchen Accessories,1
757,Storage & Organisation,Salt & Pepper Mills,3
758,Storage & Organisation,Storage & Containers,3
759,Storage & Organisation,Storage Bags,1
760,Storage & Organisation,Vacuum Sealers & Bags,5
761,"Tea, Coffee & Barware",Brewing Accessories,6
762,"Tea, Coffee & Barware",Brewing Appliances,7
763,"Tea, Coffee & Barware",Drinkware,2
764,"Tea, Coffee & Barware",Mugs,2
765,"Tea, Coffee & Barware",Water Filters,1
766,Tools & Gadgets,Accessories,1
767,Tools & Gadgets,BBQs & Accessories,1
768,Tools & Gadgets,Can Openers,1
769,Tools & Gadgets,Filters,1
770,Tools & Gadgets,Kitchen Accessories,1
771,Tools & Gadgets,Kitchen Scales,3
772,Tools & Gadgets,Pasta Maker Accessories,1
773,Tools & Gadgets,Pasta Makers,1
774,Tools & Gadgets,Surge Protectors,1
775,Tools & Gadgets,Vacuum Sealers & Bags,2
776,Tools & Gadgets,Water Filters,1
777,Mixers & Food Processors,Accessories,34
778,Mixers & Food Processors,Blenders,2
779,Mixers & Food Processors,Food Dehydrators,2
780,Mixers & Food Processors,Food Mincer,2
781,Mixers & Food Processors,Food Processor Attachments,5
782,Mixers & Food Processors,Food Processors,22
783,Mixers & Food Processors,Hand Mixers,7
784,Mixers & Food Processors,Juicers,1
785,Mixers & Food Processors,Kitchen Accessories,1
786,Mixers & Food Processors,Meat Grinders,1
787,Mixers & Food Processors,Mixer Attachments,19
788,Mixers & Food Processors,Mixers,32
789,Mixers & Food Processors,Mixing Bowls,1
790,Mixers & Food Processors,Pasta Maker Accessories,3
791,Mixers & Food Processors,Pasta Makers,4
792,Mixers & Food Processors,Stick Blenders,5
793,Mixers & Food Processors,Veggie Spiralizers,1
794,Kitchen Accessories,Electric Knives,2
795,Kitchen Accessories,Food Smokers,1
796,Kitchen Accessories,Grills,4
797,Kitchen Accessories,Kettle Cleaner,1
798,Kitchen Accessories,Kitchen Accessories,1
799,Kitchen Accessories,Kitchen Scales,6
800,Kitchen Accessories,Knife Sharpening,1
801,Kitchen Accessories,Pasta Maker Accessories,1
802,Kitchen Accessories,Salt & Pepper Mills,2
803,Kitchen Accessories,Vacuum Sealers & Bags,1
804,Kitchen Accessories,Water Filters,1
805,Blenders,Accessories,5
806,Blenders,Blenders,43
807,Blenders,Kitchen Accessories,2
808,Blenders,Personal Blending,9
809,Blenders,Stick Blenders,7
810,Vacuum Sealers & Bags,Storage & Containers,1
811,Vacuum Sealers & Bags,Storage Bags,1
812,Vacuum Sealers & Bags,Vacuum Sealers & Bags,11
813,Vacuum Sealers & Bags,Vacuum Sealing Drawers,3
814,Coffee & Espresso Machines,Brewing Appliances,1
815,Coffee & Espresso Machines,Built-in Coffee Machines,6
816,Coffee & Espresso Machines,Coffee Grinders,1
817,Coffee & Espresso Machines,Coffee Machines,91
818,Coffee & Espresso Machines,Coffee Makers,1
819,Coffee & Espresso Machines,Milk Frothers,2
820,Coffee Accessories,Accessories,1
821,Coffee Accessories,Cleaning,12
822,Coffee Accessories,Cleaning Tools,1
823,Coffee Accessories,Coffee Accessories,18
824,Coffee Accessories,Coffee Grinders,6
825,Coffee Accessories,Coffee Machines,1
826,Coffee Accessories,Coffee Storage,2
827,Coffee Accessories,Drinkware,3
828,Coffee Accessories,Glassware,1
829,Coffee Accessories,Jugs,1
830,Coffee Accessories,Milk Frothers,4
831,Coffee Accessories,Water Filters,5
832,Coffee Accessories,Water Filters,2
833,Juicers,Juicers,13
834,Juicers,Personal Blending,1
835,Water Filters,Filters,1
836,Water Filters,Water Coolers,3
837,Water Filters,Water Filters,6
838,Water Filters,Water Filters,1
839,Water Filters,Water Purifiers,1
840,Drink & Ice Makers,Bottles,6
841,Drink & Ice Makers,Drink Makers,8
842,Drink & Ice Makers,Gas Refill Cylinders,1
843,Drink & Ice Makers,Hot Water Boiling System,1
844,Drink & Ice Makers,Milkshake Maker,1
845,Drink & Ice Makers,Personal Blending,1
846,Drink & Ice Makers,Syrups,14
847,Drink & Ice Makers,Wine Decanter,1
848,Coffee Capsules & Beans,Chocolate Capsules,2
849,Coffee Capsules & Beans,Coffee Beans,15
850,Coffee Capsules & Beans,Coffee Capsules,39
851,Coffee Capsules & Beans,Coffee Grinders,1
852,Taps,Hot Water Dispenser,4
853,Taps,Sinks,15
854,Taps,Taps,10
855,Taps,Tapware,143
856,Sinks,Accessories,4
857,Sinks,Chopping Boards,2
858,Sinks,Sink Mixer,2
859,Sinks,Sinks,132
860,Sinks,Waste Disposable Units,5
861,Toasters,Breakfast Package,1
862,Toasters,Toasters,73
863,Grills & Sandwich Presses,Frying Pans,1
864,Grills & Sandwich Presses,Grills,7
865,Grills & Sandwich Presses,Pie Makers,2
866,Grills & Sandwich Presses,Sandwich Presses,11
867,Grills & Sandwich Presses,Snack Makers,6
868,Grills & Sandwich Presses,Toasters,1
869,Compact Ovens,Compact Ovens,13
870,Compact Ovens,Toaster Ovens,1
871,Kettles,Breakfast Package,1
872,Kettles,Hot Water Urns,1
873,Kettles,Kettle Cleaner,1
874,Kettles,Kettles,64
875,Cooking Appliances,Accessories,7
876,Cooking Appliances,Baking Trays,1
877,Cooking Appliances,Bread Makers,4
878,Cooking Appliances,Cookware,1
879,Cooking Appliances,Deep Fryers,12
880,Cooking Appliances,Egg Cooker,2
881,Cooking Appliances,Electric Frypans,6
882,Cooking Appliances,Electric Woks,3
883,Cooking Appliances,Food Dehydrators,1
884,Cooking Appliances,Food Processor Attachments,1
885,Cooking Appliances,Food Steamers,2
886,Cooking Appliances,Frying Pans,1
887,Cooking Appliances,Frying Pans,4
888,Cooking Appliances,Healthy Fryers,2
889,Cooking Appliances,Hot Plate,4
890,Cooking Appliances,Ice Cream Makers,1
891,Cooking Appliances,Ice Makers,1
892,Cooking Appliances,Kitchen Scales,1
893,Cooking Appliances,Mixers,1
894,Cooking Appliances,Multicookers,15
895,Cooking Appliances,Pie Makers,1
896,Cooking Appliances,Popcorn Makers,1
897,Cooking Appliances,Pressure Cookers,1
898,Cooking Appliances,Rice Cookers,11
899,Cooking Appliances,Slow Cookers,21
900,Cooking Appliances,Snack Makers,3
901,Cooking Appliances,Vacuum Sealers & Bags,1
902,Cooking Appliances,Woks,1
903,Irons,Accessories,2
904,Irons,Garment Steamers,1
905,Irons,Irons,23
906,Irons,Steam Stations,1
907,Ironing Boards,Ironing Board Covers,3
908,Ironing Boards,Ironing Boards,5
909,Ironing Boards,Irons,1
910,Garment Steamers,Garment Steamers,7
911,Garment Steamers,Steam Stations,2
912,Steam Stations,Irons,1
913,Steam Stations,Steam Cleaners,7
914,Steam Stations,Steam Stations,13
915,Steam Stations,Upright Vacuums,2
916,Robotic Vacuum Cleaners,Accessories,1
917,Robotic Vacuum Cleaners,Handstick Vacuums,1
918,Robotic Vacuum Cleaners,Robotic Vacuums,10
919,Bags & Filters,Accessories,3
920,Bags & Filters,Filters,12
921,Bags & Filters,Replacement Pads,1
922,Bags & Filters,Vacuum Bags,23
923,Vacuum Attachments,Accessories,1
924,Vacuum Attachments,Chargers,1
925,Vacuum Attachments,Cleaning,3
926,Vacuum Attachments,Cleaning Solutions,1
927,Vacuum Attachments,Cleaning Tools,1
928,Vacuum Attachments,Replacement Brushes,2
929,Vacuum Attachments,Vacuum Attachments,24
930,Vacuum Cleaners,Backpack Vacuums,1
931,Vacuum Cleaners,Barrel Vacuums,32
932,Vacuum Cleaners,Carpet Shampooers,1
933,Vacuum Cleaners,Chargers,1
934,Vacuum Cleaners,Hand-held Vacuums,10
935,Vacuum Cleaners,Handstick Vacuums,29
936,Vacuum Cleaners,Robotic Vacuums,13
937,Vacuum Cleaners,Steam Vacuums,1
938,Vacuum Cleaners,Upright Vacuums,9
939,Vacuum Cleaners,Wet & Dry Vacuums,5
940,Vacuum Cleaners,Window Cleaners,4
941,Stick Vacuum Cleaners,Hand-held Vacuums,1
942,Stick Vacuum Cleaners,Handstick Vacuums,30
943,Stick Vacuum Cleaners,Upright Vacuums,1
944,Steam Cleaners,Cleaning Solutions,1
945,Steam Cleaners,Floor Polishers,1
946,Steam Cleaners,Steam Cleaners,14
947,Steam Cleaners,Steam Vacuums,1
948,Steam Cleaners,Upright Vacuums,1
949,Steam Cleaning Accessories,Cleaning Solutions,13
950,Steam Cleaning Accessories,Filters,1
951,Steam Cleaning Accessories,Replacement Pads,10
952,Steam Cleaning Accessories,Steam Cleaners,1
953,Steam Cleaning Accessories,Steam Cleaning Accessories,5
954,Steam Cleaning Accessories,Wipes,1
955,Carpet Shampooers,Carpet Cleaners,7
956,Carpet Shampooers,Carpet Shampooers,5
957,Shampooer Accessories,Cleaning,2
958,Shampooer Accessories,Cleaning Solutions,13
959,Shampooer Accessories,Pet Grooming,1
960,Shampooer Accessories,Pet Shampoos & Conditioners,2
961,Shampooer Accessories,Replacement Brushes,1
962,Floor Cleaners,Cleaning Solutions,6
963,Floor Cleaners,Cleaning Spray,3
964,Floor Cleaners,Cleaning Tools,3
965,Floor Cleaners,Steam Cleaners,12
966,Floor Cleaners,Steam Vacuums,1
967,Floor Cleaners,Upright Vacuums,2
968,Carpet Cleaners,Carpet Cleaners,7
969,Carpet Cleaners,Carpet Shampooers,1
970,Washing Machines,Front Load Washing Machines,63
971,Washing Machines,Top Load Washing Machines,31
972,Washing Machines,Washer & Dryer Combo,23
973,Washing Machines,Washer & Dryer Packages,8
974,Dryers,Clothes Dryers,20
975,Dryers,Condenser Dryers,13
976,Dryers,Heat Pump Dryers,24
977,Dryers,Washer & Dryer Combo,15
978,Dryers,Washer & Dryer Packages,7
979,Washing Powder & Liquids,Washing Liquid,1
980,Washing Powder & Liquids,Washing Powder,1
981,Accessories,Accessories,2
982,Accessories,Clothes Dryers,2
983,Accessories,Clothes Pegs,1
984,Accessories,Front Load Washing Machines,1
985,Accessories,Inlet Hoses,2
986,Accessories,Laundry Pedestal,1
987,Accessories,Stacking Kit,5
988,Accessories,Stacking Mats,2
989,Accessories,Surge Protectors,1
990,Fans,Accessories,4
991,Fans,Air Purifiers,2
992,Fans,Box Fans,4
993,Fans,Ceiling Fans,37
994,Fans,Desk Fans,10
995,Fans,Evaporative Coolers,4
996,Fans,Fan Heaters,5
997,Fans,Floor Fans,8
998,Fans,LED Lights,4
999,Fans,Misting Fans,1
1000,Fans,Pedestal Fans,14
1001,Fans,Remote Controls,3
1002,Fans,Tower Fans,14
1003,Fans,Wall Fans,1
1004,Electric Blankets,Electric Blankets,21
1005,Electric Blankets,Heated Throws,3
1006,Electric Heaters,Ceramic Heaters,13
1007,Electric Heaters,Ceramic Tower Heaters,4
1008,Electric Heaters,Column Heaters,21
1009,Electric Heaters,Convector Heaters,6
1010,Electric Heaters,Electric Fire Heaters,16
1011,Electric Heaters,Fan Heaters,17
1012,Electric Heaters,Heated Towel Rails,1
1013,Electric Heaters,Outdoor Heaters,8
1014,Electric Heaters,Outdoor Heating,3
1015,Electric Heaters,Panel Heaters,35
1016,Electric Heaters,Radiant Heaters,4
1017,Electric Heaters,Tower Fans,1
1018,Gas Heaters,Convector Heaters,21
1019,Gas Heaters,Outdoor Heaters,2
1020,Gas Heaters,Radiant Heaters,14
1021,Split System Airconditioners,Controllers,1
1022,Split System Airconditioners,Inverter Split System,25
1023,Split System Airconditioners,Remote Controls,1
1024,Split System Airconditioners,Split System,44
1025,Portable Airconditioners,Mobile Air Conditioners,10
1026,Window/Wall Airconditioners,Window Wall,22
1027,Air Purifiers,Air Purifiers,17
1028,Air Purifiers,Dehumidifiers,4
1029,Air Purifiers,Diffusers,9
1030,Air Purifiers,Essential Oil,2
1031,Air Purifiers,Filters,15
1032,Air Purifiers,Humidifiers,3
1033,Dehumidifiers,Dehumidifiers,13
1034,Dehumidifiers,Filters,1
1035,Humidifiers,Air Purifiers,1
1036,Humidifiers,Dehumidifiers,1
1037,Humidifiers,Evaporative Coolers,4
1038,Humidifiers,Filters,2
1039,Humidifiers,Humidifiers,9
1040,Electric Hot Water Systems,Storage Systems,27
1041,Gas Hot Water Systems,Continuous Flow Systems,8
1042,Gas Hot Water Systems,Storage Systems,12
1043,Solar Hot Water Systems,Solar Systems,19
1044,Heat Pump Hot Water Systems,Heat Pump Systems,1
1045,Electric Toothbrushes,Flossers,1
1046,Electric Toothbrushes,Replacement Brushes,15
1047,Electric Toothbrushes,Toothbrushes,36
1048,Electric Flossers,Accessories,3
1049,Electric Flossers,Flossers,5
1050,Electric Flossers,Toothbrushes,4
1051,Hair Dryers,Hair Dryers,30
1052,Hair Dryers,Hair Styling Packages,1
1053,Hair Straighteners,Hair Straighteners,17
1054,Hair Straighteners,Hair Stylers,1
1055,Hair Straighteners,Hair Styling Packages,1
1056,Hair Curlers,Hair Curling Tongs,7
1057,Hair Curlers,Hair Rollers,2
1058,Hair Curlers,Hair Stylers,6
1059,Hair Stylers,Hair Stylers,8
1060,Crosstrainers,Ellipticals,6
1061,Crosstrainers,Exercise Bikes,1
1062,Exercise Bikes,Bikes,2
1063,Exercise Bikes,Ellipticals,1
1064,Exercise Bikes,Exercise Bikes,20
1065,Exercise Bikes,Exercise Equipment,2
1066,Rowing Machines,Fitness Accessories,2
1067,Rowing Machines,Rowing Machines,19
1068,Treadmills,Lubrication Oil,1
1069,Treadmills,Treadmill Mat,1
1070,Treadmills,Treadmills,8
1071,Exercise Equipment,Exercise Equipment,13
1072,Exercise Equipment,Fitness Accessories,28
1073,Exercise Equipment,Fitness Mats,1
1074,Exercise Equipment,Foam Rollers,2
1075,Exercise Equipment,Gym Mats,6
1076,Exercise Equipment,Home Gym Stations,5
1077,Exercise Equipment,Kettlebells,1
1078,Exercise Equipment,Massagers,1
1079,Exercise Equipment,Medicine Balls,1
1080,Exercise Equipment,Plates,1
1081,Exercise Equipment,Plyometric Boxes,6
1082,Exercise Equipment,Power Bags,4
1083,Exercise Equipment,Power Racks,3
1084,Exercise Equipment,Resistance,1
1085,Exercise Equipment,Rowing Machines,7
1086,Exercise Equipment,Slam Balls,3
1087,Exercise Equipment,Strength Training,5
1088,Exercise Equipment,Trampolines,4
1089,Exercise Equipment,Treadmill Mat,1
1090,Exercise Equipment,Weight Bars,2
1091,Exercise Equipment,Weights,4
1092,Exercise Equipment,Yoga Mats,1
1093,Weights,Baseball Sets,1
1094,Weights,Exercise Equipment,2
1095,Weights,Fitness Accessories,9
1096,Weights,Kettlebells,22
1097,Weights,Power Bags,2
1098,Weights,Power Racks,1
1099,Weights,Slam Balls,2
1100,Weights,Weight Bars,19
1101,Weights,Weights,17
1102,Medicine Balls,Medicine Ball Rack,1
1103,Medicine Balls,Medicine Balls,6
1104,Medicine Balls,Slam Balls,5
1105,Fitness Bench,Benches,10
1106,Fitness Bench,Exercise Equipment,2
1107,Fitness Bench,Weights Benches,1
1108,Spa & Massage,Accessories,4
1109,Spa & Massage,Epilators,1
1110,Spa & Massage,Foot Spas,5
1111,Spa & Massage,Heating Pads,2
1112,Spa & Massage,Massage Chairs,8
1113,Spa & Massage,Massagers,30
1114,Spa & Massage,Sports Massage,1
1115,Beauty,Baths & Spas,1
1116,Beauty,Facial Brushes,9
1117,Beauty,Facial Saunas,1
1118,Beauty,Mirrors,6
1119,Beauty,Multi Groomers,1
1120,Beauty,Soaps & Body Lotions,2
1121,Female Hair Removal,Epilators,14
1122,Female Hair Removal,Laser Hair Removal,1
1123,Female Hair Removal,Long Term Hair Removal,6
1124,Female Hair Removal,Trimmers,6
1125,Female Hair Removal,Womens Shavers,14
1126,Mens Shavers,Accessories,10
1127,Mens Shavers,Cleaning Solutions,5
1128,Mens Shavers,Mens Shavers,26
1129,Mens Shavers,Multi Groomers,2
1130,Mens Shavers,OneBlade,2
1131,Mens Shavers,Trimmers,5
1132,Hair Clippers & Trimmers,Accessories,2
1133,Hair Clippers & Trimmers,Clippers,24
1134,Hair Clippers & Trimmers,Multi Groomers,8
1135,Hair Clippers & Trimmers,Pet Clippers,5
1136,Hair Clippers & Trimmers,Trimmers,21
1137,Scales,Bathroom Scales,22
1138,Blood Pressure Monitors,Blood Pressure Monitors,3
1139,Thermometers,Thermometers,4
1140,Lounges,Armchair,24
1141,Lounges,Lounge Suites,24
1142,Lounges,Modular Lounge Suites,15
1143,Lounges,Occasional Chairs,1
1144,Lounges,Ottomans,9
1145,Lounges,Recliner Sofas,2
1146,Lounges,Sofa Beds,1
1147,Lounges,Sofa with Chaise,28
1148,Lounges,Sofas,51
1149,Sofa Beds,Sofa Beds,25
1150,TV Units,Buffets,2
1151,TV Units,Entertainment Units,28
1152,Coffee & Lamp Tables,Coffee Tables,19
1153,Coffee & Lamp Tables,Hall Table,5
1154,Coffee & Lamp Tables,Lamp Tables,16
1155,Recliner Chairs,Armchair,1
1156,Recliner Chairs,Chaise Lounges,1
1157,Recliner Chairs,Lift Chairs,23
1158,Recliner Chairs,Lounge Suites,3
1159,Recliner Chairs,Recliner Chairs,60
1160,Recliner Chairs,Recliner Sofas,2
1161,Recliner Lounges,Armchair,1
1162,Recliner Lounges,Corner Lounge Suites ,1
1163,Recliner Lounges,Lounge Suites,6
1164,Recliner Lounges,Modular Lounge Suites,2
1165,Recliner Lounges,Recliner Chairs,2
1166,Recliner Lounges,Recliner Sofas,29
1167,Recliner Lounges,Recliner Suites,26
1168,Recliner Lounges,Sofa with Chaise,4
1169,Recliner Lounges,Sofas,4
1170,Desks & Suites,Accessories,2
1171,Desks & Suites,Cabinets,1
1172,Desks & Suites,Chargers,1
1173,Desks & Suites,Desk with Hutch ,1
1174,Desks & Suites,Desks,31
1175,Desks & Suites,Mounts,2
1176,Desks & Suites,Sit Stand Desks,7
1177,Office Chairs,Office Chairs,11
1178,Office Storage,Bookcases,4
1179,Office Storage,Cabinet Desks,1
1180,Office Storage,Cabinets,4
1181,Office Storage,Credenza,1
1182,Office Storage,Mobile Pedestal ,1
1183,Office Storage,Organiser,1
1184,Office Storage,Shelves,2
1185,Office Storage,Stands,1
1186,Safes,Safes,10
1187,Chandeliers,Chandeliers & Pendants,20
1188,Chandeliers,Lamps,3
1189,Table Lamps,Fitness Trackers,1
1190,Table Lamps,Floor Lamps,4
1191,Table Lamps,Lamps,6
1192,Table Lamps,Table Lamps,41
1193,Vases,Vases,2
1194,Wall Art,Wall Art,48
1195,Candles & Candle Accessories,Candles,1
1196,Fashion Decorator,Bed Canopy,1
1197,Fashion Decorator,Bedding,2
1198,Fashion Decorator,Lanterns,2
1199,Fashion Decorator,Mirrors,4
1200,Fashion Decorator,Plants,2
1201,Fashion Decorator,Pots,1
1202,Fashion Decorator,Storage Boxes,1
1203,Cushions,Cushions,127
1204,Cushions,European Pillowcases,1
1205,Cushions,Travel Neck Pillows,5
1206,Garden Sheds,Flat Roof Pet House Sheds,2
1207,Garden Sheds,Flat Roof Sheds,14
1208,Garden Sheds,Gable Roof Sheds,22
1209,Garden Sheds,Garage Sheds,11
1210,Garden Sheds,Garden Sheds,1
1211,Garden Sheds,Narrow Slider Sheds,3
1212,Garden Sheds,Off The Wall Sheds,3
1213,Garden Sheds,Shed Tools & Accessories,8
1214,Garden Sheds,Skillion Roof Sheds,8
1215,Garden Sheds,Storm Sheds,3
1216,Garden Sheds,Truss Roof Sheds,17
1217,Lawn Mowers,Garden Shredders,1
1218,Lawn Mowers,Lawn Mowers,6
1219,Lawn Mowers,Ride-On Mowers,2
1220,Trimmers & Edgers,Garden Shredders,2
1221,Trimmers & Edgers,Hedge Trimmers,1
1222,Trimmers & Edgers,Lawn Edgers,1
1223,Trimmers & Edgers,Trimmers,1
1224,Outdoor Dining,Dining Chairs,5
1225,Outdoor Dining,Dining Settings,1
1226,Outdoor Dining,Dining Tables,1
1227,Outdoor Dining,Extension Dining Setting,1
1228,Outdoor Dining,Lounge & Dining Setting,1
1229,Outdoor Dining,Outdoor Bar Setting,2
1230,Outdoor Dining,Outdoor Benches,1
1231,Outdoor Dining,Outdoor Chat Setting,1
1232,Outdoor Dining,Outdoor Dining Chair,5
1233,Outdoor Dining,Outdoor Dining Settings,23
1234,Outdoor Dining,Outdoor Living Setting,2
1235,Outdoor Dining,Outdoor Lounge Setting,1
1236,BBQs,BBQs,48
1237,BBQs,Grills,3
1238,BBQs,Outdoor Kitchen,6
1239,BBQs,Pizza Ovens,5
1240,BBQs,Smokers,4
1241,Outdoor Lounges,Daybeds,1
1242,Outdoor Lounges,Ottomans,4
1243,Outdoor Lounges,Outdoor Balcony Settings,1
1244,Outdoor Lounges,Outdoor Bar Setting,1
1245,Outdoor Lounges,Outdoor Chat Setting,3
1246,Outdoor Lounges,Outdoor Dining Settings,1
1247,Outdoor Lounges,Outdoor Lounge Setting,12
1248,Outdoor Lounges,Outdoor Modulars,1
1249,Outdoor Lounges,Outdoor Recliners,1
1250,Outdoor Lounges,Pod Chairs,2
1251,Outdoor Lounges,Sunloungers,2
1252,BBQ Accessories,Accessories,5
1253,BBQ Accessories,BBQs,1
1254,BBQ Accessories,BBQs & Accessories,12
1255,BBQ Accessories,Covers,3
1256,BBQ Accessories,Outdoor Kitchen,2
1257,BBQ Accessories,Pizza Stones,1
1258,BBQ Accessories,Stands,2
1259,Umbrellas,Outdoor Umbrellas,17
1260,Umbrellas,Shades,16
1261,Umbrellas,Umbrella Bases,5
1262,Umbrellas,Umbrellas,1
1263,Dining Furniture,Benches,1
1264,Dining Furniture,Buffets,26
1265,Dining Furniture,Coffee Tables,3
1266,Dining Furniture,Dining Chairs,28
1267,Dining Furniture,Dining Settings,40
1268,Dining Furniture,Dining Tables,32
1269,Dining Furniture,Entertainment Units,6
1270,Dining Furniture,Extension Dining Table,2
1271,Dining Furniture,Hall Table,2
1272,Dining Furniture,High Dining Chair,1
1273,Dining Furniture,High Dining Table,1
1274,Dining Furniture,Lamp Tables,5
1275,Bar Stools,Bar Stools,11
1276,Bar Stools,Benches,1
1277,Bar Stools,Stools,3
1278,Shutters,Faux Wood Shutters,61
1279,Shutters,Shutters,1
1280,Shutters,Timber Shutters,1
1281,Bedroom Storage,Bedside Tables,82
1282,Bedroom Storage,Blanket Boxes,2
1283,Bedroom Storage,Bookcases,1
1284,Bedroom Storage,Cabinets,2
1285,Bedroom Storage,Chests,1
1286,Bedroom Storage,Desks,1
1287,Bedroom Storage,Dressers,30
1288,Bedroom Storage,Dressing Tables,5
1289,Bedroom Storage,Loft Beds,1
1290,Bedroom Storage,Mirrors,4
1291,Bedroom Storage,Tallboys,64
1292,Mattresses,Air Beds,8
1293,Mattresses,Mattresses,42
1294,Ensembles,Bed Bases,1
1295,Ensembles,Beds,4
1296,Ensembles,Ensembles,99
1297,Bedroom Chairs,Bedroom Chairs,11
1298,Bed Frames,Bedheads,1
1299,Bed Frames,Beds,113
1300,Bedheads,Bedheads,12
1301,Bed Bases,Bed Bases,11
1302,Quilt Covers,Bedskirts,1
1303,Quilt Covers,Bedspreads,8
1304,Quilt Covers,Comforters,2
1305,Quilt Covers,Coverlets,5
1306,Quilt Covers,Cushions,1
1307,Quilt Covers,European Pillowcases,1
1308,Quilt Covers,Quilt Cover Sets,155
1309,Quilt Covers,Quilt Covers,3
1310,Quilt Covers,Quilts,2
1311,Bed Sheets,Bedskirts,1
1312,Bed Sheets,Flat Sheets,1
1313,Bed Sheets,Quilt Cover Sets,1
1314,Bed Sheets,Sheet Sets,49
1315,Pillowcases,Cushions,1
1316,Pillowcases,European Pillowcases,103
1317,Pillowcases,Pillow Protectors,14
1318,Pillowcases,Standard Pillowcases,12
1319,Quilts,Quilts,37
1320,Pillows,Mattress Protectors,1
1321,Pillows,Pillows,86
1322,Mattress Toppers,Mattress Toppers,7
1323,Blankets,Bed Throws,12
1324,Blankets,Blankets,19
1325,Mattress Protectors,Mattress Protectors,19
1326,Kids Beds,Bedheads,1
1327,Kids Beds,Beds,34
1328,Kids Bunk Beds,Beds,1
1329,Kids Bunk Beds,Bunk Beds,13
1330,Kids Bedroom Storage,Bedside Tables,20
1331,Kids Bedroom Storage,Chests,1
1332,Kids Bedroom Storage,Desks,2
1333,Kids Bedroom Storage,Dressers,3
1334,Kids Bedroom Storage,Mirrors,1
1335,Kids Bedroom Storage,Storage Boxes,2
1336,Kids Bedroom Storage,Tallboys,13
1337,Kids Bed Linen,Cushions,38
1338,Kids Bed Linen,Quilt Cover Sets,45
1339,Kids Bed Linen,Sheet Sets,6
1340,Wall Tiles,Floor Tiles,7
1341,Wall Tiles,Wall Tiles,21
1342,Floor Tiles,Floor Heating Products,1
1343,Floor Tiles,Floor Tiles,153
1344,Drop in Bath,Baths,14
1345,Drop in Bath,Inset Baths,21
1346,Drop in Bath,Spa Baths,1
1347,Freestanding Bath ,Bath & Bath Stands,1
1348,Freestanding Bath ,Baths,49
1349,Freestanding Bath ,Baths & Bath Stands,1
1350,Freestanding Bath ,Baths & Spas,1
1351,Freestanding Bath ,Freestanding Baths,32
1352,Freestanding Bath ,Inset Baths,3
1353,Drop in Spas,Baths,4
1354,Drop in Spas,Inset Baths,1
1355,Drop in Spas,Spa Baths,21
1356,Freestanding Spas,Baths & Spas,1
1357,Freestanding Spas,Freestanding Baths,1
1358,Freestanding Spas,Spa Baths,2
1359,Mixers & Tapware,Basin & Bath Spouts,3
1360,Mixers & Tapware,Basin Mixers,137
1361,Mixers & Tapware,Sink Mixer,2
1362,Mixers & Tapware,Taps,25
1363,Mixers & Tapware,Tapware,93
1364,3-Piece Tapware ,Basin & Bath Spouts,1
1365,3-Piece Tapware ,Basin Sets,13
1366,3-Piece Tapware ,Bath Sets,7
1367,3-Piece Tapware ,Bathroom Accessories,1
1368,3-Piece Tapware ,Freestanding Bath Mixers,3
1369,3-Piece Tapware ,Showers,20
1370,3-Piece Tapware ,Taps,1
1371,3-Piece Tapware ,Tapware,17
1372,Basin & Bath Spouts ,Basin & Bath Spouts,48
1373,Basin & Bath Spouts ,Basins,1
1374,Basin & Bath Spouts ,Sink Mixer,1
1375,Basin & Bath Spouts ,Spout,3
1376,Basin & Bath Spouts ,Tapware,16
1377,Shower Heads & Arms,Bathroom Accessories,14
1378,Shower Heads & Arms,Ceiling Shower Arms,16
1379,Shower Heads & Arms,Shower Arms,9
1380,Shower Heads & Arms,Shower Head,1
1381,Shower Heads & Arms,Shower Mixer,1
1382,Shower Heads & Arms,Showers,134
1383,Shower Heads & Arms,Taps,3
1384,Shower Heads & Arms,Tapware,51
1385,Kitchen Sinks & Accessories ,Showers,1
1386,Kitchen Sinks & Accessories ,Sink Mixer,1
1387,Kitchen Sinks & Accessories ,Sinks,48
1388,Kitchen Sinks & Accessories ,Tapware,2
1389,Baskets & Caddys,Baskets & Caddys,2
1390,Baskets & Caddys,Bathroom Accessories,4
1391,Baskets & Caddys,Cup Holders,2
1392,Baskets & Caddys,Custom Shower Screens,1
1393,Baskets & Caddys,Floor Heating Products,8
1394,Baskets & Caddys,Soap Dishes,10
1395,Robe Hooks,Robe Hooks,42
1396,Shelves & Holders,Bathroom Accessories,2
1397,Shelves & Holders,Cup Holders,4
1398,Shelves & Holders,Shelves,48
1399,Shelves & Holders,Soap Dishes,12
1400,Shelves & Holders,Toilet Roll Holders,1
1401,Shelves & Holders,Towel Rails,2
1402,Toilet Brush Set,Toilet Brush Holders,4
1403,Bathroom Rails,Bathroom Accessories,6
1404,Bathroom Rails,Grip Rails,3
1405,Bathroom Rails,Heated Towel Rails,1
1406,Bathroom Rails,Shelves,2
1407,Bathroom Rails,Soap Dishes,1
1408,Bathroom Rails,Towel Rails,112
1409,Bathroom Rails,Towel Rings,9
1410,Guest Towel Holders,Bathroom Accessories,2
1411,Guest Towel Holders,Towel Rails,6
1412,Guest Towel Holders,Towel Rings,23
1413,Close Coupled & Link Toilets ,Back to Wall Toilets,1
1414,Close Coupled & Link Toilets ,Close Coupled Toilets,8
1415,Close Coupled & Link Toilets ,Toilets,2
1416,Back to Wall Toilets ,Back to Wall Toilets,19
1417,Back to Wall Toilets ,Close Coupled Toilets,1
1418,Back to Wall Toilets ,Toilet Suite,3
1419,Back to Wall Toilets ,Toilets,6
1420,Wall Face Toilets ,Back to Wall Toilets,1
1421,Wall Face Toilets ,Close Coupled Toilets,1
1422,Wall Face Toilets ,Toilets,62
1423,Wall Hung Toilets ,Toilets,40
1424,Inwall Cistern & Buttons,Flush Plates,9
1425,Inwall Cistern & Buttons,Toilets,3
1426,Toilet Seats & Bidettes ,Toilet Seats,1
1427,Toilet Seats & Bidettes ,Toilet Training,3
1428,Toilet Seats & Bidettes ,Toilets,15
1429,Above Counter Basins ,Basins,16
1430,Above Counter Basins ,Ceramic Basins,36
1431,Above Counter Basins ,Sinks,25
1432,Vanity Basins ,Basins,3
1433,Vanity Basins ,Vanities,2
1434,Drop In & Semi Recess Basins,Basins,4
1435,Drop In & Semi Recess Basins,Ceramic Basins,10
1436,Drop In & Semi Recess Basins,Sinks,1
1437,Under-Counter Basins ,Ceramic Basins,7
1438,Under-Counter Basins ,Sinks,7
1439,Wall & Pedestal Basins,Basins,9
1440,Wall & Pedestal Basins,Ceramic Basins,8
1441,Wall & Pedestal Basins,Shower Mixer,1
1442,Wall & Pedestal Basins,Tapware,3
1443,Floor Grates,Floor Grates,35
1444,Plug & Waste Traps,Bottle Traps,4
1445,Plug & Waste Traps,Plug & Wastes,2
1446,Bathroom Vanity Units,Cabinets,6
1447,Bathroom Vanity Units,Vanities,55
1448,Bathroom Vanity Units,Wall Hung Vanities,3
1449,Tall Boy & Wall Units ,Tallboys,4
1450,Shaving Cabinets ,Cabinets,17
1451,Shaving Cabinets ,Tallboys,1
1452,Shaving Cabinets ,Vanities,7
1453,Bathroom Mirrors ,Cabinets,1
1454,Bathroom Mirrors ,Mirrors,53
1455,Bathroom Mirrors ,Vanities,1
1456,Laundry Tubs & Units ,Basins,1
1457,Laundry Tubs & Units ,Cabinets,2
1458,Laundry Tubs & Units ,Sinks,6
1459,Laundry Tubs & Units ,Vanities,1
1460,Laundry Cabinets ,Cabinets,4
1461,Timber Flooring,Floor Polishers,1
1462,Timber Flooring,Flooring,4
1463,Timber Flooring,Timber,18
1464,Laminate Flooring,Laminate,35
1465,Vinyl Flooring & Vinyl Tiles,Flooring,1
1466,Vinyl Flooring & Vinyl Tiles,Vinyl,7
1467,Vinyl Flooring & Vinyl Tiles,Vinyl Tiles,23
1468,Bamboo Flooring,Bamboo,5
1469,Waterproof Flooring,Hybrid,6
1470,Waterproof Flooring,Waterproof Flooring,16
1471,Carpet,Carpet,224
1472,Carpet Underlay,Underlays,3
1473,All Rugs,Rugs,273
1474,Traditional Rugs,Rugs,2
1475,Modern Rugs,Rugs,203
1476,Shaggy Rugs,Rugs,44
